Barcode,Products
3653089861860,"Jacket, Printer, Dining Table, Stapler"
8575520152138,"Chair, Sofa, LEGO Set, Desk Organizer"
1324335372569,"Perfume, Tablet, Mascara, Hat"
8522057232544,"Car Cover, LEGO Set, Perfume, Desk Organizer"
5934027885625,"Perfume, Microwave, Laptop, Mascara"
4190009230397,"Monitor, Yoga Mat, Tablet, Bookshelf"
7849269835138,"Bluetooth Speaker, Car Wax, Yoga Mat, Lipstick"
9286296763993,"E-reader, Notebook, Action Figure, Wheelbarrow"
6447659382117,"Desk, Soccer Ball, Microwave, Dress"
9821091809851,"Lawn Mower, Yoga Mat, Shovel, Microwave"
